"sku","name","weight","manufacturer","clothing_size","material","color","dimension","category_ids","price","qty","status","visibility","tax_class_id","description","short_description","attribute_set","websites","store","type","is_in_stock","special_price","special_from_date","special_to_date"
"S43DAM0248311012R1000","Đầm thun dài Valerie Paris",0,"Yameshop","FREE","Thun","Như Hình",,"3,36,54,57",360000,10,"Hiệu lực","Catalog, Search","default"," - Chất liệu thun cotton dày , đẹp co giãn cực tốt cho bạn thoải mái và thoáng mát.Thiết kế sọc ngang ấn tượng, không ôm sát để bạn nhẹ nhàng và thoải mái hơn. 
- Dễ dàng phối hợp với nhiều phụ kiện để bạn đón ngày mới thêm tự tin, năng động.","None","Dam","base","admin","simple",1,,,
"S43DAM0248311012R1001","Đầm thun Valerie Paris",0,"Yameshop","FREE","Thun","Đen",,"3,36,54,57",240000,10,"Hiệu lực","Catalog, Search","default"," - Chất liệu thun cotton dày , đẹp co giãn cực tốt cho bạn thoải mái và thoáng mát.Thiết kế sọc ngang ấn tượng, không ôm sát để bạn nhẹ nhàng và thoải mái hơn. 
- Dễ dàng phối hợp với nhiều phụ kiện để bạn đón ngày mới thêm tự tin, năng động.","None","Dam","base","admin","simple",1,,,
"S43DAM0248311012R1002","Đầm thun Valerie Paris",0,"Yameshop","FREE","Thun","Đen",,"3,36,54,57",360000,10,"Hiệu lực","Catalog, Search","default"," - Chất liệu thun cotton dày , đẹp co giãn cực tốt cho bạn thoải mái và thoáng mát.Thiết kế sọc ngang ấn tượng, không ôm sát để bạn nhẹ nhàng và thoải mái hơn. 
- Dễ dàng phối hợp với nhiều phụ kiện để bạn đón ngày mới thêm tự tin, năng động.","None","Dam","base","admin","simple",1,,,
"S43DAM0248311012R1003","Đầm có nón Valerie Paris",0,"Yameshop","FREE","Cotton","Đen",,"3,36,54,57",396000,10,"Hiệu lực","Catalog, Search","default"," - Kiểu dáng đơn giản, nhẹ nhàng, chất liệu cotton thoáng mát, có thể diện khi dạo phố, tiệc tùng hay hẹn hò cuối tuần. 
- Đây là chiếc đầm không cần kết hợp nhiều phụ kiện vì sự đơn giản đã mang lại cho chiếc đầm sự tinh tế. ","None","Dam","base","admin","simple",1,,,
"S43DAM0248311012R1004","Đầm 2 dây Valerie Paris",0,"Yameshop","FREE","Cotton","Hồng",,"3,36,54,57",366000,10,"Hiệu lực","Catalog, Search","default"," - Kiểu dáng đơn giản, nhẹ nhàng, chất liệu cotton thoáng mát, có thể diện khi dạo phố, tiệc tùng hay hẹn hò cuối tuần. 
- Đây là chiếc đầm không cần kết hợp nhiều phụ kiện vì sự đơn giản đã mang lại cho chiếc đầm sự tinh tế. ","None","Dam","base","admin","simple",1,,,
"S48DAM0238311012R1000","Đầm hoa vintage phối ren",0,"Lfemme Boutique","FREE","Ren","Như Hình",,"3,36,54,57",290000,10,"Hiệu lực","Catalog, Search","default"," - Chất liệu cotton pha ren theo phong cách vintage tôn vẻ nữ tính nhưng cũng không kém phần năng động.
- Kết hợp với cardigan cho thu thêm dịu dàng bạn nhé.","None","Dam","base","admin","simple",1,,,
"S48DAM0238311012R1001","Đầm kaki kèm nịt",0,"Lfemme Boutique","FREE","Kaki","Nâu",,"3,36,54,57",450000,10,"Hiệu lực","Catalog, Search","default"," - Đầm bụi phủi có thiết kế đơn giản tạo cảm giác thoải mái cho bạn gái. 
 - Hơn nữa đầm có những chi tiết của áo sơ mi giúp bạn gái vẫn giữ được nét thanh lịch để tự tin khoe dáng trên phố. ","None","Dam","base","admin","simple",1,,,
"S48DAM0238311012R1002","Đầm kaki kèm nịt",0,"Lfemme Boutique","FREE","Kaki","Hồng phấn",,"3,36,54,57",450000,10,"Hiệu lực","Catalog, Search","default"," - Đầm bụi phủi có thiết kế đơn giản tạo cảm giác thoải mái cho bạn gái. 
 - Hơn nữa đầm có những chi tiết của áo sơ mi giúp bạn gái vẫn giữ được nét thanh lịch để tự tin khoe dáng trên phố. ","None","Dam","base","admin","simple",1,,,
"S48DAM0238311012R1003","Đầm kaki kèm nịt",0,"Lfemme Boutique","FREE","Kaki","Xám",,"3,36,54,57",450000,10,"Hiệu lực","Catalog, Search","default"," - Đầm bụi phủi có thiết kế đơn giản tạo cảm giác thoải mái cho bạn gái. 
 - Hơn nữa đầm có những chi tiết của áo sơ mi giúp bạn gái vẫn giữ được nét thanh lịch để tự tin khoe dáng trên phố. ","None","Dam","base","admin","simple",1,,,
"S48DAM0238311012R1004","ĐẦM BODY KHOÉT NGỰC",0,"Lfemme Boutique","M","Kaki thun","Đỏ",,"3,36,54,57",450000,10,"Hiệu lực","Catalog, Search","default"," -  Đầm đỏ Body khoét ngực gợi cảm, quyến rũ tôn đường nét hấp dẫn, trẻ trung cho bạn gái thêm tự tin và xinh xắn. 
- Gợi cảm nhưng không kém phần sang trọng đó là những ưu điểm mà chiếc đầm xinh xắn này mang lại. Thiết kế ôm sát người sẽ làm tôn thêm dáng xinh ngọc ngà của các tín đồ thời trang.","None","Dam","base","admin","simple",1,,,
"S48DAM0238311012R1005","ĐẦM THUN ĐEN PHỐI TRẮNG",0,"Lfemme Boutique","FREE","Thun","Đen",,"3,36,54,57",350000,10,"Hiệu lực","Catalog, Search","default"," - Hàng fake Chanel. Đầm tôn cổ sen là một trong những xu hướng thời trang đang được chị em phái đẹp yêu thích, chọn lựa.Có thể Kết hợp với nhiều loại phụ kiện để tạo cho mình phong cách thời trang quyến rũ, sành điệu.
- Đầm thích hợp cho nhiều hoàn cảnh: đi chơi, đi làm, dự tiệc…","None","Dam","base","admin","simple",1,,,
"S47DAM0246311012R1000","đầm ren xanh Turquoise",0,"Real Clothes","FREE","Ren","Xanh coban",,"3,36,54,57",420000,10,"Hiệu lực","Catalog, Search","default"," - Màu ở ngoài đậm hơn hình chút xíu thôi- Chất ren đẹp và không bị xù. Đầm kiểu truyền thống, nữ tính nhưng không kém phần sang trọng.
- Có thể mặc đi tiệc, dạo phố.","None","Dam","base","admin","simple",1,,,
"S47DAM0246311012R1001","Đầm đen tay cánh tiên",0,"Real Clothes","FREE","Ren","Đen",,"3,36,54,57",370000,10,"Hiệu lực","Catalog, Search","default"," - Chất liệu thun cotton phối ren sang trọng, tay phồng. Với kiểu đầm chữ A như thế này, các bạn gái thân hình mủm mỉm có thể hoàn toàn tự tin nhé, một công cụ che khuyết điểm vòng 3 hoàn hảo đấy.
- Hãy để chiếc đầm làm bạn thật nổi bật trong bữa tiệc.","None","Dam","base","admin","simple",1,,,
"S47DAM0246311012R1002","Mullet maxi",0,"Real Clothes","FREE","Ren","Kem",,"3,36,54,57",490000,10,"Hiệu lực","Catalog, Search","default"," - Mullet là sự kết hợp hoàn hảo của các mẫu mini dress với đầm maxi dài một cách sáng tạo và tinh tế nhất. Chiếc đầm có đuôi đỏng đảnh với chất liệu voan, lụa mềm mại nhún eo để tôn lên vẻ uyển chuyển điệu đà của bạn gái. 
- Mullet đẹp nhất khi kết hợp cùng boot, tuy nhiên, với dáng người nhỏ nhắn của các bạn gái Việt, lựa chọn thông minh nhất là kết hợp mullet cùng giày cao gót để tăng thêm chiều cao khiêm tốn của mình.
","None","Dam","base","admin","simple",1,,,
"S47DAM0246311012R1003","Maxi bướm",0,"Real Clothes","FREE","Chiffon","Như Hình",,"3,36,54,57",350000,10,"Hiệu lực","Catalog, Search","default"," - Mullet là sự kết hợp hoàn hảo của các mẫu mini dress với đầm maxi dài một cách sáng tạo và tinh tế nhất. Chiếc đầm có đuôi đỏng đảnh với chất liệu voan, lụa mềm mại nhún eo để tôn lên vẻ uyển chuyển điệu đà của bạn gái. 
- Mullet đẹp nhất khi kết hợp cùng boot, tuy nhiên, với dáng người nhỏ nhắn của các bạn gái Việt, lựa chọn thông minh nhất là kết hợp mullet cùng giày cao gót để tăng thêm chiều cao khiêm tốn của mình.
","None","Dam","base","admin","simple",1,,,
"S47DAM0246311012R1004","Đầm ren cổ khoét sâu",0,"Real Clothes","FREE","Ren","Kem",,"3,36,54,57",295000,10,"Hiệu lực","Catalog, Search","default"," - Váy đầm ren mặc cho những bữa tiệc sang trọng trong buổi tối thường diễn ra các sự kiện đặc biệt. Chính vì vậy, từ kiểu dáng, màu sắc cho đến chất liệu của chiếc đầm ren phải đảm bảo vẻ đẹp tinh tế, cuốn hút. Gam màu nude tôn lên vẻ nhã nhặn và nữ tính.","None","Dam","base","admin","simple",1,,,
"S47DAM0246311012R1005","Jumpsuit",0,"Real Clothes","FREE","Kaki tuyết","Đen",,"3,36,54,57",295000,10,"Hiệu lực","Catalog, Search","default"," - Jumpsuit xanh phối chấm bi năng động và cá tính, vẫn là xu hướng hot cho năm nay. 
- Với một chiếc jumpsuit bạn có thể diện dạo phố, hẹn hò đều thật phù hợp.","None","Dam","base","admin","simple",1,,,
"S47DAM0246311012R1006","Đầm suôn công chúa",0,"Real Clothes","FREE","Chiffon","Hồng cánh sen",,"3,36,54,57",300000,10,"Hiệu lực","Catalog, Search","default"," - Đầm suôn tiểu thư chất liệu chiffon nhẹ nhàng và nữ tính. 
 -  Đi phố và hẹn hò đều cực ổn nhé. Nếu muốn thêm phần sang trọng và thanh lịch để dự tiệc hay công sở thì hãy phối hợp với một chiếc nịt cùng tông màu nhé.","None","Dam","base","admin","simple",1,,,
"S47DAM0246311012R1007","Đầm cổ sen",0,"Real Clothes","FREE","Chiffon","Kem",,"3,36,54,57",380000,10,"Hiệu lực","Catalog, Search","default"," - Đầm tôn cổ sen là một trong những xu hướng thời trang đang được chị em phái đẹp yêu thích, chọn lựa.Có thể Kết hợp với nhiều loại phụ kiện để tạo cho mình phong cách thời trang quyến rũ, sành điệu.
- Đầm thích hợp cho nhiều hoàn cảnh: đi chơi, đi làm, dự tiệc…","None","Dam","base","admin","simple",1,,,
"S47DAM0246311012R1008","Đầm xòe",0,"Real Clothes","FREE","Voan","Xanh đen",,"3,36,54,57",295000,10,"Hiệu lực","Catalog, Search","default"," - Đầm suôn tiểu thư chất liệu chiffon phối ren ở cổ tinh tế, nhẹ nhàng và nữ tính. 
 -  Đi phố và hẹn hò đều cực ổn nhé. Nếu muốn thêm phần sang trọng và thanh lịch để dự tiệc hay công sở thì hãy phối hợp với một chiếc nịt cùng tông màu và blazer nhé.","None","Dam","base","admin","simple",1,,,
"S47DAM0246311012R1009","Đầm xếp ly",0,"Real Clothes","FREE","Thun","Đen",,"3,36,54,57",420000,10,"Hiệu lực","Catalog, Search","default"," - Đầm suôn tiểu thư chất liệu thun phối ren ở cổ tinh tế, nhẹ nhàng và nữ tính. 
 -  Đi phố và hẹn hò đều cực ổn nhé. Nếu muốn thêm phần sang trọng và thanh lịch để dự tiệc hay công sở thì hãy phối hợp với một chiếc nịt cùng tông màu và blazer nhé.","None","Dam","base","admin","simple",1,,,
"S50DAM0250311012R1000","Lace Dress",0,"Zara Mango","FREE","Ren","Đen",,"3,36,54,57",370000,10,"Hiệu lực","Catalog, Search","default"," - Váy đầm ren mặc cho những bữa tiệc sang trọng trong buổi tối thường diễn ra các sự kiện đặc biệt. Chính vì vậy, từ kiểu dáng, màu sắc cho đến chất liệu của chiếc đầm ren phải đảm bảo vẻ đẹp tinh tế, cuốn hút. Gam màu đen tôn vẻ sang trọng cho trang phục và dễ kết hợp với phụ kiện.","None","Dam","base","admin","simple",1,,,
"S50DAM0250311012R1001","Đầm forever 1",0,"Zara Mango","S","Chiffon","Cam",,"3,36,54,57",280000,10,"Hiệu lực","Catalog, Search","default"," - Đầm tôn cổ sen là một trong những xu hướng thời trang đang được chị em phái đẹp yêu thích, chọn lựa.Có thể Kết hợp với nhiều loại phụ kiện để tạo cho mình phong cách thời trang quyến rũ, sành điệu. Chất liệu chiffon nhẹ nhàng, nữ tính và thoải mái.
- Đầm thích hợp cho nhiều hoàn cảnh: đi chơi, đi làm, dự tiệc…","None","Dam","base","admin","simple",1,,,
"S50DAM0250311012R1002","Đầm forever 2",0,"Zara Mango","M","Chiffon","Cam",,"3,36,54,57",280000,10,"Hiệu lực","Catalog, Search","default"," - Đầm tôn cổ sen là một trong những xu hướng thời trang đang được chị em phái đẹp yêu thích, chọn lựa.Có thể Kết hợp với nhiều loại phụ kiện để tạo cho mình phong cách thời trang quyến rũ, sành điệu. Chất liệu chiffon nhẹ nhàng, nữ tính và thoải mái.
- Đầm thích hợp cho nhiều hoàn cảnh: đi chơi, đi làm, dự tiệc…","None","Dam","base","admin","simple",1,,,
"S50DAM0250311012R1003","Đầm forever 3",0,"Zara Mango","L","Chiffon","Cam",,"3,36,54,57",280000,10,"Hiệu lực","Catalog, Search","default"," - Đầm tôn cổ sen là một trong những xu hướng thời trang đang được chị em phái đẹp yêu thích, chọn lựa.Có thể Kết hợp với nhiều loại phụ kiện để tạo cho mình phong cách thời trang quyến rũ, sành điệu. Chất liệu chiffon nhẹ nhàng, nữ tính và thoải mái.
- Đầm thích hợp cho nhiều hoàn cảnh: đi chơi, đi làm, dự tiệc…","None","Dam","base","admin","simple",1,,,
"S50DAM0250311012R1004","đầm F&F Floral 1",0,"Zara Mango","S","Voan","Như Hình",,"3,36,54,57",220000,10,"Hiệu lực","Catalog, Search","default"," - Những chiếc Đầm hoa đang làm mưa làm gió trên các sàn catwalk. với thiết kế đơn giản nhưng sang trọng, bạn Có thẻ diện chiếc Đầm dạo phố, đi tiệc hay đi làm đều được.
- Kết hợp với nịt hoặc blazer đơn giản sẽ làm cho chiếc áo thêm tinh tế.","None","Dam","base","admin","simple",1,,,
"S50DAM0250311012R1005","đầm F&F Floral 2",0,"Zara Mango","M","Voan","Như Hình",,"3,36,54,57",220000,10,"Hiệu lực","Catalog, Search","default"," - Những chiếc Đầm hoa đang làm mưa làm gió trên các sàn catwalk. với thiết kế đơn giản nhưng sang trọng, bạn Có thẻ diện chiếc Đầm dạo phố, đi tiệc hay đi làm đều được.
- Kết hợp với nịt hoặc blazer đơn giản sẽ làm cho chiếc áo thêm tinh tế.","None","Dam","base","admin","simple",1,,,
"S50DAM0250311012R1006","đầm công sở 1",0,"Zara Mango","M","Polyester","Đen",,"3,36,54,57",570000,10,"Hiệu lực","Catalog, Search","default"," - Với chiếc đầm ôm sát không những khiến bạn thật cuốn hút nơi công sở mà còn sang trọng, quý phái. 
- Chất liệu polyester thấm hút mồ hôi cực tốt. ","None","Dam","base","admin","simple",1,,,
"S50DAM0250311012R1007","đầm công sở 2",0,"Zara Mango","M","Polyester","Trắng",,"3,36,54,57",570000,10,"Hiệu lực","Catalog, Search","default"," - Với chiếc đầm ôm sát không những khiến bạn thật cuốn hút nơi công sở mà còn sang trọng, quý phái. 
- Chất liệu polyester thấm hút mồ hôi cực tốt. ","None","Dam","base","admin","simple",1,,,
"S50DAM0250311012R1008","đầm công sở 3",0,"Zara Mango","M","Polyester","Xám",,"3,36,54,57",570000,10,"Hiệu lực","Catalog, Search","default"," - Với chiếc đầm ôm sát không những khiến bạn thật cuốn hút nơi công sở mà còn sang trọng, quý phái. 
- Chất liệu polyester thấm hút mồ hôi cực tốt. ","None","Dam","base","admin","simple",1,,,
"S50DAM0250311012R1009","đầm ôm 1",0,"Zara Mango","S","Thun","Đen",,"3,36,54,57",280000,10,"Hiệu lực","Catalog, Search","default"," - Chiếc đầm suôn ôm sát cơ thể giúp tôn dáng và cực dễ phối đồ, dây nịt, blazer, cardigan hay leagging đều là những item Có thể đi kèm với chiếc Đầm này.
- Chất liệu thun cotton thấm hút mồ hôi tốt cho bạn thêm tự tin và năng động.","None","Dam","base","admin","simple",1,,,
"S50DAM0250311012R1010","đầm ôm 2",0,"Zara Mango","M","Thun","Đen",,"3,36,54,57",280000,10,"Hiệu lực","Catalog, Search","default"," - Chiếc đầm suôn ôm sát cơ thể giúp tôn dáng và cực dễ phối đồ, dây nịt, blazer, cardigan hay leagging đều là những item Có thể đi kèm với chiếc Đầm này.
- Chất liệu thun cotton thấm hút mồ hôi tốt cho bạn thêm tự tin và năng động.","None","Dam","base","admin","simple",1,,,
"S50DAM0250311012R1011","đầm ôm 3",0,"Zara Mango","L","Thun","Đen",,"3,36,54,57",280000,10,"Hiệu lực","Catalog, Search","default"," - Chiếc đầm suôn ôm sát cơ thể giúp tôn dáng và cực dễ phối đồ, dây nịt, blazer, cardigan hay leagging đều là những item Có thể đi kèm với chiếc Đầm này.
- Chất liệu thun cotton thấm hút mồ hôi tốt cho bạn thêm tự tin và năng động.","None","Dam","base","admin","simple",1,,,
"S50DAM0250311012R1012","Đầm voan mỏng 1",0,"Zara Mango","S","Voan","Xanh coban",,"3,36,54,57",280000,10,"Hiệu lực","Catalog, Search","default"," - Kiểu dáng đơn giản, nhẹ nhàng, chất liệu voan thoáng mát, có thể diện khi dạo phố, tiệc tùng hay hẹn hò cuối tuần. 
- Đây là chiếc đầm không cần kết hợp nhiều phụ kiện vì sự đơn giản đã mang lại cho chiếc đầm sự tinh tế. ","None","Dam","base","admin","simple",1,,,
"S50DAM0250311012R1013","Đầm voan mỏng 2",0,"Zara Mango","M","Voan","Xanh coban",,"3,36,54,51",280000,10,"Hiệu lực","Catalog, Search","default"," - Kiểu dáng đơn giản, nhẹ nhàng, chất liệu voan thoáng mát, có thể diện khi dạo phố, tiệc tùng hay hẹn hò cuối tuần. 
- Đây là chiếc đầm không cần kết hợp nhiều phụ kiện vì sự đơn giản đã mang lại cho chiếc đầm sự tinh tế. ","None","Dam","base","admin","simple",1,,,
"S50DAM0250311012R1014","Đầm voan mỏng 3",0,"Zara Mango","L","Voan","Xanh coban",,"3,36,54,52",280000,10,"Hiệu lực","Catalog, Search","default"," - Kiểu dáng đơn giản, nhẹ nhàng, chất liệu voan thoáng mát, có thể diện khi dạo phố, tiệc tùng hay hẹn hò cuối tuần. 
- Đây là chiếc đầm không cần kết hợp nhiều phụ kiện vì sự đơn giản đã mang lại cho chiếc đầm sự tinh tế. ","None","Dam","base","admin","simple",1,,,
"S50DAM0250311012R1015","Đầm chấm bi tay lửng",0,"Zara Mango","S","Voan","Đen",,"3,36,54,53",300000,10,"Hiệu lực","Catalog, Search","default"," - Kiểu dáng đơn giản, nhẹ nhàng, chất liệu voan thoáng mát, có thể diện khi dạo phố, tiệc tùng hay hẹn hò cuối tuần. 
- Đây là chiếc đầm không cần kết hợp nhiều phụ kiện vì sự đơn giản đã mang lại cho chiếc đầm sự tinh tế. ","None","Dam","base","admin","simple",1,,,
"S50DAM0250311012R1016","Đầm chấm bi tay lửng",0,"Zara Mango","M","Voan","Đen",,"3,36,54,54",300000,10,"Hiệu lực","Catalog, Search","default"," - Kiểu dáng đơn giản, nhẹ nhàng, chất liệu voan thoáng mát, có thể diện khi dạo phố, tiệc tùng hay hẹn hò cuối tuần. 
- Đây là chiếc đầm không cần kết hợp nhiều phụ kiện vì sự đơn giản đã mang lại cho chiếc đầm sự tinh tế. ","None","Dam","base","admin","simple",1,,,
"S50DAM0250311012R1017","Đầm ôm 2 dây 1",0,"Zara Mango","S","Thun","Xanh coban",,"3,36,54,55",260000,10,"Hiệu lực","Catalog, Search","default"," - Với chiếc đầm ôm sát không những khiến bạn thật cuốn hút và còn sang trọng, quý phái. Chắc chắn bạn sẽ là trung tâm của bữa tiệc.
- Chất liệu polyester thấm hút mồ hôi cực tốt. ","None","Dam","base","admin","simple",1,,,
"S50DAM0250311012R1018","Đầm ôm 2 dây 2",0,"Zara Mango","M","Thun","Xanh coban",,"3,36,54,56",260000,10,"Hiệu lực","Catalog, Search","default"," - Với chiếc đầm ôm sát không những khiến bạn thật cuốn hút và còn sang trọng, quý phái. Chắc chắn bạn sẽ là trung tâm của bữa tiệc.
- Chất liệu polyester thấm hút mồ hôi cực tốt. ","None","Dam","base","admin","simple",1,,,
"S50DAM0250311012R1019","Đầm ôm 2 dây 3",0,"Zara Mango","L","Thun","Xanh coban",,"3,36,54,57",260000,10,"Hiệu lực","Catalog, Search","default"," - Với chiếc đầm ôm sát không những khiến bạn thật cuốn hút và còn sang trọng, quý phái. Chắc chắn bạn sẽ là trung tâm của bữa tiệc.
- Chất liệu polyester thấm hút mồ hôi cực tốt. ","None","Dam","base","admin","simple",1,,,
"S56DAM0235311012R1000","Đầm đen thắt eo",0,"Hahashop","FREE","Voan","Đen",,"3,36,54,51",230000,10,"Hiệu lực","Catalog, Search","default"," - Đầm đen dài, chất liệu voan mỏng 2 dây cách điệu, có thắt 
eo duyên dáng, quyến rũ
- Kiểu dáng đầm voan rất sang trọng phù hợp cho bạn gái đi 
dự tiệc, hoặc dạo phố với bạn bè.
","None","Dam","base","admin","simple",1,,,
"S56DAM0235311012R1001","Đầm đen thắt eo",0,"Hahashop","FREE","Voan","Trắng",,"3,36,54,52",230000,10,"Hiệu lực","Catalog, Search","default"," - Đầm trắng dài, chất liệu voan mỏng 2 dây cách điệu, có thắt eo duyên dáng, quyến rũ
- Kiểu dáng đầm voan rất sang trọng phù hợp cho bạn gái đi 
dự tiệc, hoặc dạo phố với bạn bè.
","None","Dam","base","admin","simple",1,,,
"S56DAM0235311012R1002","Đầm hoa dạo phố",0,"Hahashop","FREE","Chiffon","Xanh ngọc",,"3,36,54,53",250000,10,"Hiệu lực","Catalog, Search","default"," - Đầm voan, họa tiết bươm bướm, đuôi dài, cổ tròn duyên 
dáng. Chất liệu vải mỏng tạo cảm giác nữ tính và thoải mái.
- Trang phục có thể được mặc trong nhiều dịp khác nhau để 
dạo phố hoặc dự tiệc đều rất thời trang, quyến rũ.","None","Dam","base","admin","simple",1,,,
"S56DAM0235311012R1003","Đầm hoa dạo phố",0,"Hahashop","FREE","Chiffon","Đỏ",,"3,36,54,54",250000,10,"Hiệu lực","Catalog, Search","default"," - Đầm voan, họa tiết bươm bướm, đuôi dài, cổ tròn duyên 
dáng. Chất liệu vải mỏng tạo cảm giác nữ tính và thoải mái.
- Trang phục có thể được mặc trong nhiều dịp khác nhau để 
dạo phố hoặc dự tiệc đều rất thời trang, quyến rũ.","None","Dam","base","admin","simple",1,,,
"S56DAM0235311012R1004","Đầm voan xòe dạo phố",0,"Hahashop","FREE","Voan","Trắng",,"3,36,54,55",230000,10,"Hiệu lực","Catalog, Search","default"," - Đầm xòe, chất liệu voan phối ren, có dây kéo sau lưng tiện lợi, tay ngắn cực đẹp và nữ tính.
- Bạn gái có thể phối kiểu đầm này với áo khoác mỏng bên
ngoài. Trang phục thích hợp cho cả đi dự tiệc hoặc dạo phố
cùng bạn bè.
","None","Dam","base","admin","simple",1,,,
"S56DAM0235311012R1005","Đầm voan xòe dạo phố",0,"Hahashop","FREE","Voan","Nâu",,"3,36,54,56",230000,10,"Hiệu lực","Catalog, Search","default"," - Đầm xòe, chất liệu voan phối ren, có dây kéo sau lưng tiện lợi, tay ngắn cực đẹp và nữ tính.
- Bạn gái có thể phối kiểu đầm này với áo khoác mỏng bên
ngoài. Trang phục thích hợp cho cả đi dự tiệc hoặc dạo phố
cùng bạn bè.
","None","Dam","base","admin","simple",1,,,
"S56DAM0235311012R1006","Đầm chấm bi tay bèo",0,"Hahashop","FREE","Thun","Xanh da trời",,"3,36,54,57",220000,10,"Hiệu lực","Catalog, Search","default"," - Đầm xanh, tay bèo, có chít eo rất  trẻ trung, tinh tế. Đầm phù hợp cho cả các bạn nữ theo đuổi phong cách nữ tính lẫn phong cách năng động, hiện đại.
- Kiểu dáng đầm khá tự nhiên và thoải mái, phù hợp với các 
dịp dạo phố, đi chơi cùng bạn bè. ","None","Dam","base","admin","simple",1,,,
"S42DAM0241311012R1000","Đầm thun xòe",0,"Limeorange","FREE","Thun","Xanh da trời",,"3,36,54,51",280000,10,"Hiệu lực","Catalog, Search","default"," - Đầm thun, dáng suôn, in hình gấu dễ thương thoải mái và 
tiện lợi cho các bạn gái mặc ở nhà hoặc dạo phố.
- Kiểu dáng vừa nữ tính vừa năng động tạo phong cách tự 
nhiên và thu hút cho bạn gái.","None","Dam","base","admin","simple",1,,,
"S42DAM0241311012R1001","Đầm thun xòe",0,"Limeorange","FREE","Thun","Hồng",,"3,36,54,52",280000,10,"Hiệu lực","Catalog, Search","default"," - Đầm thun, dáng suôn, in hình gấu dễ thương thoải mái và 
tiện lợi cho các bạn gái mặc ở nhà hoặc dạo phố.
- Kiểu dáng vừa nữ tính vừa năng động tạo phong cách tự 
nhiên và thu hút cho bạn gái.","None","Dam","base","admin","simple",1,,,
"S42DAM0241311012R1002","Đầm thun xòe",0,"Limeorange","FREE","Thun","Đen",,"3,36,54,53",280000,10,"Hiệu lực","Catalog, Search","default"," - Đầm thun, dáng suôn, in hình gấu dễ thương thoải mái và 
tiện lợi cho các bạn gái mặc ở nhà hoặc dạo phố, có thể kết hợp cùng cardigan.
- Kiểu dáng vừa nữ tính vừa năng động tạo phong cách tự 
nhiên và thu hút cho bạn gái.","None","Dam","base","admin","simple",1,,,
"S42DAM0241311012R1003","Đầm thun cổ tròn",0,"Limeorange","free","Thun","Xám",,"3,36,54,54",185000,10,"Hiệu lực","Catalog, Search","default"," - Đầm thun dáng suôn, cổ tròn, kết bèo trước ngực thoải mái, tiện lợi.
- Đầm thích hợp cho các bạn gái mặc ở nhà hoặc dạo phố tạo phong cách nhẹ nhàng, năng động, có thể kết hợp với các loại áo khoác.","None","Dam","base","admin","simple",1,,,
"S42DAM0241311012R1004","Đầm caro",0,"Limeorange","FREE","Cotton","Hồng phấn",,"3,36,54,55",238000,10,"Hiệu lực","Catalog, Search","default"," - Đầm caro hồng, kiểu suôn, ôm dáng điệu đà, có thắt nơ phía sau lưng  giúp bạn gái tăng phần nữ tính, quyến rũ.
- Đầm thích hợp cho các bạn nữ trong các dịp dạo phố, vui chơi cùng bạn bè.","None","Dam","base","admin","simple",1,,,
"S42DAM0241311012R1005","Đầm caro",0,"Limeorange","FREE","Cotton","Xanh da trời",,"3,36,54,56",238000,10,"Hiệu lực","Catalog, Search","default"," - Đầm caro xanh, kiểu suôn, ôm dáng điệu đà, có thắt nơ phía sau lưng  giúp bạn gái tăng phần nữ tính, quyến rũ.
- Đầm thích hợp cho các bạn nữ trong các dịp dạo phố, vui chơi cùng bạn bè.","None","Dam","base","admin","simple",1,,,
"S42DAM0241311012R1006","Đầm dây kéo chéo",0,"Limeorange","FREE","Thun","Vàng",,"3,36,54,57",285000,10,"Hiệu lực","Catalog, Search","default"," - Đầm dây kéo chéo 2 lớp, có mũ, tay ngắn cực trẻ trung và sành điệu, có chít eo nữ tính.
- Đầm thích hợp với tất cả các bạn gái yêu thích phong cách nữ tính hoặc năng động. Có thể mặc tại nhà hoặc dạo phố đều rất thời trang.","None","Dam","base","admin","simple",1,,,
"S42DAM0241311012R1007","Đầm dây kéo chéo",0,"Limeorange","FREE","Thun","Đen",,"3,36,54,51",285000,10,"Hiệu lực","Catalog, Search","default"," - Đầm dây kéo chéo 2 lớp, có mũ, tay ngắn cực trẻ trung và sành điệu, có chít eo nữ tính.
- Đầm thích hợp với tất cả các bạn gái yêu thích phong cách nữ tính hoặc năng động. Có thể mặc tại nhà hoặc dạo phố đều rất thời trang.","None","Dam","base","admin","simple",1,,,
"S42DAM0241311012R1008","Đầm thắt nơ cổ bèo",0,"Limeorange","FREE","Thun","Cafe sữa",,"3,36,54,52",280000,10,"Hiệu lực","Catalog, Search","default"," - Đầm kết hợp quần cực trẻ trung, cổ trái tim có viền bèo xung quanh, thắt nơ ngang eo rất dễ thương.
- Đầm theo phong cách vừa nữ tính vừa  trẻ trung, năng động, là một kiểu dáng thích hợp và nên có trong tủ đồ của tất cả các bạn gái  ","None","Dam","base","admin","simple",1,,,
"S42DAM0241311012R1009","Đầm thắt nơ cổ bèo",0,"Limeorange","FREE","Thun","Như Hình",,"3,36,54,53",280000,10,"Hiệu lực","Catalog, Search","default"," - Đầm kết hợp quần cực trẻ trung, cổ trái tim có viền bèo xung quanh, thắt nơ ngang eo rất dễ thương.
- Đầm theo phong cách vừa nữ tính vừa  trẻ trung, năng động, là một kiểu dáng thích hợp và nên có trong tủ đồ của tất cả các bạn gái  ","None","Dam","base","admin","simple",1,,,
"S42DAM0241311012R1010","Đầm thắt nơ cổ bèo",0,"Limeorange","FREE","Thun","Xanh bạc hà",,"3,36,54,54",280000,10,"Hiệu lực","Catalog, Search","default"," - Đầm kết hợp quần cực trẻ trung, cổ trái tim có viền bèo xung quanh, thắt nơ ngang eo rất dễ thương.
- Đầm theo phong cách vừa nữ tính vừa  trẻ trung, năng động, là một kiểu dáng thích hợp và nên có trong tủ đồ của tất cả các bạn gái  ","None","Dam","base","admin","simple",1,,,
"S44DAM0231311012R1000","Đầm sọc, tay cánh sen",0,"Crazyteen","FREE",,"Như Hình",,"3,36,54,55",270000,10,"Hiệu lực","Catalog, Search","default"," - Đầm sọc nhỏ, phối nhiều màu, tay cánh sen, cổ tròn, màu 
sắc rạng rỡ, có thể phối thêm nịt thắt ngang eo và cùng áo 
khoác ngoài cho phong cách thêm nữ tính, nhẹ nhàng.
- Đầm thích hợp cho các cuộc dạo chơi, picnic cùng bạn bè, 
cho bạn gái thêm duyên dáng, đáng yêu","None","Dam","base","admin","simple",1,,,
"S44DAM0231311012R1001","Đầm sọc ngang kết hợp nhiều màu",0,"Crazyteen","FREE","Voan","Như Hình",,"3,36,54,56",270000,10,"Hiệu lực","Catalog, Search","default"," - Đầm sọc ngang phối nhiều màu rực rỡ, cổ tròn, không tay rất nữ tính và duyên dáng.
- Các bạn gái có thể phối thêm nịt hoặc áo khoác ngoài để tăng thêm vẻ cuốn hút và thời trang","None","Dam","base","admin","simple",1,,,
"S44DAM0231311012R1002","Đầm chấm bi Hàn Quốc",0,"Crazyteen","FREE","Voan","Xanh da trời",,"3,36,54,57",270000,10,"Hiệu lực","Catalog, Search","default"," - Đầm xanh chấm bi trắng, cổ tròn trẻ trung, thích hợp với 
mọi vóc dáng. Bạn gái có thể kết hợp cùng mũ và áo khoác
 cho phong cách nữ tính mà vẫn rất thời trang và năng động.
- Đầm phù hợp cho các buổi dạo phố, picnic cùng bạn bè.","None","Dam","base","admin","simple",1,,,
"S44DAM0231311012R1003","Đầm chấm bi Hàn Quốc",0,"Crazyteen","FREE","Voan","Như Hình",,"3,36,54,51",270000,10,"Hiệu lực","Catalog, Search","default"," - Đầm trắng chấm bi hồng, cổ tròn trẻ trung, có thắt eo thích hợp với mọi vóc dáng. Bạn gái có thể kết hợp cùng mũ và áo khoác cho phong cách nữ tính mà vẫn rất thời trang và năng động.
- Đầm phù hợp cho các buổi dạo phố, picnic cùng bạn bè.","None","Dam","base","admin","simple",1,,,
"S44DAM0231311012R1004","Đầm chấm bi Hàn Quốc",0,"Crazyteen","FREE","Voan","Như Hình",,"3,36,54,52",270000,10,"Hiệu lực","Catalog, Search","default"," - Đầm trắng chấm bi đen, cổ tròn trẻ trung, có thắt eo  thích hợp với  mọi vóc dáng. Bạn gái có thể kết hợp cùng mũ và áo khoác cho phong cách nữ tính mà vẫn rất thời trang và năng động.
- Đầm phù hợp cho các buổi dạo phố, picnic cùng bạn bè.","None","Dam","base","admin","simple",1,,,
"S44DAM0231311012R1005","Đầm họa tiết dễ thương",0,"Crazyteen","FREE","Voan","Như Hình",,"3,36,54,53",270000,10,"Hiệu lực","Catalog, Search","default"," - Đầm họa tiết dễ thương, cổ tròn có thắt eo nữ tính. Kiểu 
dáng đầm khá đơn giản nên bạn gái có thể kết hợp với các 
loại áo cardigan, các loại áo khoác khác.
- Đầm phù hợp khi diện đi dạo phố, picnic, đi chơi cùng bạn
bè.","None","Dam","base","admin","simple",1,,,
"S44DAM0231311012R1006","Đầm họa tiết dễ thương",0,"Crazyteen","FREE","Voan","Như Hình",,"3,36,54,54",270000,10,"Hiệu lực","Catalog, Search","default"," - Đầm họa tiết dễ thương, cổ tròn có thắt eo nữ tính. Kiểu 
dáng đầm khá đơn giản nên bạn gái có thể kết hợp với các `
loại áo cardigan, các loại áo khoác khác.
- Đầm phù hợp khi diện đi dạo phố, picnic, đi chơi cùng bạn bè.","None","Dam","base","admin","simple",1,,,
"S44DAM0231311012R1007","Đầm họa tiết dễ thương",0,"Crazyteen","FREE","Voan","Như Hình",,"3,36,54,55",270000,10,"Hiệu lực","Catalog, Search","default"," - Đầm họa tiết dễ thương, cổ tròn có thắt eo nữ tính. Kiểu 
dáng đầm khá đơn giản nên bạn gái có thể kết hợp với các 
loại áo cardigan, các loại áo khoác khác.
- Đầm phù hợp khi diện đi dạo phố, picnic, đi chơi cùng bạn bè.","None","Dam","base","admin","simple",1,,,
"S44DAM0231311012R1008","Đầm chấm bi có cổ",0,"Crazyteen","FREE","Voan","Xanh lá cây",,"3,36,54,56",270000,10,"Hiệu lực","Catalog, Search","default"," - Đầm xanh chấm bi trắng có cổ, thắt eo dịu dàng, tay xếp trẻ trung. Đầm thích hợp với nhiều vóc dáng khác nhau giúp bạn gái khoe vẻ nữ tính dịu dàng.
- Đầm thích hợp khi diện đi dạo phố, đi chơi cùng bạn bè.","None","Dam","base","admin","simple",1,,,
"S46DAM0243311012R1000","Đầm caro yếm",0,"Marc","S","Chiffon","Xanh da trời",,"3,36,54,57",385000,10,"Hiệu lực","Catalog, Search","default"," - Đầm caro nhỏ dạng yếm, thắt nơ phía sau cổ, chít eo, có nút giả rất tinh tế thcihs hợp nhiều vóc dáng khác nhau.
- Đầm thích hợp cho những buổi dạo phố, picnic với bạn bè,
 tôn lên vẻ đẹp dịu dàng của bạn gái.","None","Dam","base","admin","simple",1,,,
"S46DAM0243311012R1001","Đầm viền 3 dây ren",0,"Marc","S","Chiffon","Như Hình",,"3,36,54,51",415000,10,"Hiệu lực","Catalog, Search","default"," - Đầm xòe viền ren ở phần thân và eo rất tinh tế, cổ tròn, màu sắc trang nhã dịu dàng cho bạn gái thêm phần nữ tính.
- Kiểu dáng đầm thích hợp với nhiều kiểu dáng và hoàn cảnh khác nhau như dạo phố, đi chơi, dự tiệc.","None","Dam","base","admin","simple",1,,,
"S46DAM0243311012R1002","Đầm ren viền eo",0,"Marc","S","Ren","Trắng",,"3,36,54,52",495000,10,"Hiệu lực","Catalog, Search","default"," - Đầm ren hai lớp tay lửng, viền cổ và eo màu hồng, có thắt nơ sau cổ rất trang trọng và nữ tính, giúp bạn gái khoe dáng và che khuyết điểm.
- Đầm rất thích hợp khi diện trong các buổi tiệc nhẹ, dạo phố, đi chơi với bạn bè trong khung cảnh cần sự nhẹ nhàng,
sang trọng và nữ tính.
","None","Dam","base","admin","simple",1,,,
"S46DAM0243311012R1003","Đầm hoa hai dây ngang lưng",0,"Marc","S","Cotton","Như Hình",,"3,36,54,53",355000,10,"Hiệu lực","Catalog, Search","default"," - Đầm hoa tôn dáng, không tay, có 2 dây ngang lưng rất thời  trang và tinh tế. Đầm phù hợp với các bạn gái có thân hình mảnh khảnh.
- Đầm phù hợp với các buổi tiệc, dạo phố. Bạn gái có thể kết hợp với áo vest bên ngoài để tạo vẻ cá tính và phù hợp hơn với các khung cảnh cần sự sang trọng.","None","Dam","base","admin","simple",1,,,
